Pass Out,Tinie Tempah,237,
Wash Away,Matt Costa,235,
Whataya Want From Me,Adam Lambert,230,
Broken,Jake Bugg,248,
Lucky,"Colbie Caillat,Jason Mraz",196,
South Of Heaven,Slayer,808,
Move Your Feet,Junior Senior,186,
Geek In The Pink,Jason Mraz,238,
Sunrise,Norah Jones,205,
Last Kiss,Taylor Swift,372,
Heresy,Nine Inch Nails,235,
Lemonade,Chris Rice,186,
"Jesus, Walk With Me",Club 8,194,
Moves Like Jagger,Maroon 5,201,
Cry,James Blunt,254,
On The Road To Ruin,The Notorious Cherry Bombs,206,
U-Turn (Lili),Aaron,230,
Undenied,Portishead,260,
Going Through Changes,Eminem,797,
Get Me Gone,Fort Minor,121,
Lonely As You,Foo Fighters,277,
Spade , Marilyn Manson,282,
Kiss Off,Violent Femmes,176,
Up And Up,Relient K,244,
Little Smirk,Theory Of A Deadman,211,
We Will Not Grow Old,Lenka,202,
Tell That Mick He Just Made My List Of Things To Do Today , Fall Out Boy,212,
Dreamer,Uh Huh Her,236,
These Four Walls,Shawn Colvin,177,
Listen To The Band,The Monkees,153,
The Turnaround,Ringo Starr,234,
Skinny Little Bitch,Hole,194,
Dead Beat , A Place To Bury Strangers,215,
Fire Burning,Sean Kingston,245,
Sometime In The Morning,The Monkees,147,
Wherever I May Roam , Metallica,407,
Come To My Window,Melissa Etheridge,237,
Communication,The Cardigans,272,
Love You Like A Love Song,Selena Gomez & The Scene,185,
Say Hello,Rosie Thomas,372,
Happy,Natasha Bedingfield,223,
Hit The Lights , Metallica,254,
Better Than A Hallelujah,AMY GRANT,225,
I Miss You,Darren Hayes,333,
Not In Love,Enrique Iglesias,225,
Free Life,Dan Wilson,243,
"Please, Please, Please Let Me Get What I Want",The Smiths,112,
All Star,Smash Mouth,220,
It Gets Better,Fun.,216,
Better Than A Hallelujah,AMY GRANT,225,
Should You Return,Copeland,249,
do what they say,Korn,257,
Somedays,Room Eleven,147,
Nookie , Limp Bizkit,266,
Zombie,The Cranberries,307,
Requiem,Lamb of God,251,
Cleanin Out My Closet,Eminem,303,
We'Re All To Blame,SUM 41,219,
Coldest Winter,Kanye West,168,
Pinocchio Story (Freestyle Live Fr,Kanye West,362,
grace is gone,Dave Matthews Band,278,
Brand New Me,Alicia Keys,239,
Billionaire (Feat. Bruno Mars),Travie Mccoy,214,
Song To The Siren,John Frusciante,217,
The Story , Limp Bizkit,231,
Want You Bad , The Offspring,202,
wait,Alexi Murdoch,357,
Comes And Goes (In Waves),Greg Laswell,256,
Exit , Longwave,231,
I'M A Believer,The Monkees,164,
You'Re Not Alone,Shayne Ward,233,
I Belong To Me,Jessica Simpson,220,
miserable at best,mayday parade,317,
Valleri,The Monkees,143,
Shy That Way,"Tristan Prettyman,Jason Mraz",213,
Coldest Winter,Matt Cab,228,
Cicadas & Gulls,Feist,198,
Roll On Down The Highway,Bachman-Turner Overdrive,239,
I'M Ok,Christina Aguilera,318,
Going Home,Sophie Zelmani,252,
Heart Of A Jealous Man,The Notorious Cherry Bombs,242,
Parisienne Moonlight,Anathema,130,
Homesick,Kings Of Convenience,194,
Milk And Toast And Honey,Roxette,247,
You Oughta Know,Alanis Morissette,329,
Santa Baby,Taylor Swift,165,
Try To Remember,ÀèÃ÷,130,
Picture To Burn,Taylor Swift,179,
Raise Your Voices,Secret Garden,256,
In My Darkest Hour , Megadeth,389,
One More Chance,Will.i.am,267,
I Was Only Joking,Rod Stewart,367,
Hero,Mariah Carey,260,
Anyone Of Us (Stupid Mistake),Gareth Gates,231,
Stephanie Says,Lady & Bird,186,
Miss You,coldrain,238,
Love Will Keep Us Alive,Eagles,246,
Kiss Me,Tom Waits,589,
Safe And Sound,Azure Ray,183,
The Unforgiven,Metallica,389,
So Bad,Eminem,867,
Polythene Queen,miss li,214,
A Different Kind Of Pain (Album Version),Cold,320,
Take This Heart Of Mine,Marvin Gaye,167,
Say Goodbye,Katharine Mcphee,229,
The One You Love,Glenn Frey,277,
1234,Feist,183,
A Century Ends,David Gray,308,
Lonely Road,Everlast,198,
Some Nights (Intro),Fun.,137,
I Ain'T Goin' Out Like That,Cypress Hill,268,
Jar Of Hearts,Christina Perri,661,
Holiday In Spain,Counting Crows,230,
It'S Amazing,Jem,238,
Nothing Else Matters,Metallica,392,
Satisfied,Ringo Starr,199,
Paper Ships (feat. the Silverl,Dead Manâ€²s Bones,176,
You Belong To Me,Jason Wade,165,
Doing Fine (Without You),Pixie Lott,190,
Pocketful Of Sunshine,Natasha Bedingfield,206,
Lonely Lullaby,Owl City,274,
What Sarah Said (Album Version),Death Cab For Cutie,381,
Bourgeois Shangri-La,miss li,168,
Last Goodbye,Ke$ha,234,
Dementia,Owl City,215,
Do I Have To Cry For You,Nick Carter,218,
Chapter Six,Kendrick Lamar,165,
Thank You,Dido,223,
7 Days,Craig David,239,
The A Team,Ed Sheeran,259,
Me And You,Ringo Starr,135,
Master Of Puppets,Metallica,517,
Proud Of You,·ëêØæ¥,187,
Never Say Goodbye (Adapted From _Pavane_),Hayley Westenra,196,
Good Day,Nappy Roots,223,
Goodness Gracious,Ellie Goulding,227,
Forget Her,Jeff Buckley,313,
Lollipop,Mika,189,
Wait A Minute,The Notorious Cherry Bombs,166,
End Of The Line,Traveling Wilburys,207,
In My Secret Life,Leonard Cohen,293,
Making Memories Of Us,The Notorious Cherry Bombs,244,
Whatever You Like (Single Version),Anya Marina,229,
How Could I,Marc Anthony,270,
Breakdown,Jack Johnson,212,
Sick , Adelitas Way,191,
Over The Rainbow _ What A Wonderful World,Israel Kamakawiwo'ole,295,
Silent Night,Taylor Swift,212,
Hero of the Soviet Union,The Dillinger Escape Plan,179,
Lose You,Pete Yorn,278,
Cups,Anna Kendrick,77,
A Natural Disaster,Anathema,387,
Junk Of The Heart (Happy),The Kooks,187,
Handle This,SUM 41,218,
Summer Sunshine (Album Version),The Corrs,175,
A Little Love,·ëêØæ¥,192,
I Believe In Love,Dixie Chicks,258,
Like A Star,Corinne Bailey Rae,242,
Wanna Be Close,Avant,227,
Limp Bizkit,The Truth,327,
Nothing But A Miracle,Diane Birch,266,
My Place,Nelly,275,
And Then You,Greg Laswell,212,
I'M Back,Eminem,312,
Screaming For Vengeance , Judas Priest,283,
All Messed Up,Sum 41,164,
Wargasm , L7,166,
kiss,Korn,250,
Hurt,Christina Aguilera,246,
Happy,Pharrell Williams,234,
Dying In The Sun,The Cranberries,211,
My Derailment,Adelitas Way,217,
Paper Aeroplane,KT Tunstall,199,
Whiskey Lullaby,"Alison Krauss,Brad Paisley",260,
Twilight Innocence,Novembers Doom,359,
Sowing Season,Brand New,273,
A Place Nearby,Lene Marlin,252,
Flat On The Floor,Nickelback,125,
I Cry,Westlife,254,
Manhattan,Sara Bareilles,279,
Use Your Fist And Not Your Mouth,Marilyn Manson,222,
Be Alright,Justin Bieber,191,
Who The Fuck_,Pj Harvey,126,
Lose Yourself,Eminem,330,
Godspeed (Sweet Dreams),Dixie Chicks,287,
Parachute,Sean Lennon,201,
Amazing Grace,Olivia Ong,251,
My Life Would Suck Without You,Kelly Clarkson,215,
Shitlist , L7,179,
Marching Bands Of Manhattan,Death Cab For Cutie,253,
me vs. maradona vs. elvis,Brand New,319,
Beauty In The World,Macy Gray,230,
When I Go,Slow Club,186,
Everything At Once,Lenka,160,
Even Heaven Cries,Monrose,240,
03.45 _ No Sleep,The Cardigans,228,
Marry You,Bruno Mars,229,
Hide And Seek,Dannii Minogue,190,
Kiss Me Slowly,Parachute,237,
Hey Man (Now You'Re Really Living),Eels,181,
Roll To Me,Del Amitri,132,
Want,Natalie Imbruglia,257,
The Long And Winding Road,Paul McCartney,228,
How To Fight  Loneliness,Wilco,232,
Eyeless [Explicit],Slipknot,240,
Break Stuff,Limp Bizkit,168,
Cute,David Steinberg,229,
Don't Leave Me (Ne Me Quitte Pas),regina spektor,220,
This New Heartache,Vince Gill,215,
What a Wonderful World,Stacey Kent,271,
The Parting Glass,The High Kings,253,
Only,Nine Inch Nails,701,
Pink Rabbits,The National,282,
Even Now,William Fitzsimmons,176,
The Chosen Pessimist,In Flames,493,
Just Hold Me,Maria Mena,267,
I Feel It All,Feist,219,
Better Together,Jack Johnson,207,
Always Getting Over You,Angela Ammons,253,
Surviving The Times , Nas,283,
Don'T Stop Me Now,Queen,212,
Reason to Believe,Sum 41,156,
Cold As You,Taylor Swift,242,
Let It Go,Demi Lovato,227,
Something Good Can Work,Two Door Cinema Club,193,
Cartoon Heroes,Aqua,229,
Jailcell Mind,Hayley Sales,235,
Temptation,Moby,298,
Light Up the Sky,The Afters,217,
Blue Velvet,Lana Del Rey,159,
You Give Me Something,James Morrison,213,
Again And Again,Jewel,241,
I Need Some Sleep,Eels,97,
Sunshine,Matt Costa,155,
Mobile,Avril Lavigne,214,
Please,Tristan Prettyman,193,
Ldn,Lily Allen,195,
Send It Up,"King Louie,Kanye West",181,
'Till I Collapse,Eminem,299,
Vanilla Twilight,Owl City,234,
Shattered,trading yesterday,295,
"tyler, the creator",yonkers,249,
Flying,Anathema,358,
Stutter,Maroon 5,526,
Look On Down From The Bridge,Mazzy Star,287,
Hello,Tristan Prettyman,207,
Time for You to Go,Sum 41,182,
Forever Friends,·ëêØæ¥,186,
return to me,october project,258,
sum 41,skumfuk,204,
Funny Little Frog,belle and sebastian,188,
Skipalong,Lenka,236,
Choose Love,Ringo Starr,188,
Fall For Your Type,Jamie Foxx,236,
Billy Brown,MIKA,199,
Goodbye my lover,James blunt,253,
St. Anger,Metallica,441,
In My Secret Life,Leonard Cohen,233,
Awaken,Disturbed,269,
Get Lucky,dragonette,186,
The Crime At Edmond Lake,Tamas Wells,200,
Who Knew , Eminem,230,
Catholic Pagans,surfer blood,193,
Fascination,Alphabeat,186,
How To Save A Life,The Fray,262,
Liberate , Disturbed,211,
Hurt,Johnny Cash,218,
1234,Feist,489,
Goodbye,Sophie Zelmani,204,
The Channel , Limp Bizkit,278,
When You Wish Upon A Star,Rosemary Clooney,190,
Seven Years,Norah Jones,147,
Sermon,Drowning Pool,259,
So Much Love,the rocket summer,237,
End Of May,Keren Ann,213,
Hardly Wait,Pj Harvey,169,
California Dreaming,North,162,
Modern Nature,Sondre Lerche,220,
Living In The Moment,Jason Mraz,239,
Playing Your Song,Hole,203,
Pick Up the Phone,Falling In Reverse,279,
Breathe,Telepopmusik,286,
One Time,Justin Bieber,218,
Carried Away,Passion Pit,224,
Alone (2000 Digital Remaster),Heart,222,
I'M Sorry That The Kitchen Is On Fire,Tamas Wells,189,
the corrs,rain,255,
Stranger,Noah And The Whale,320,
The Day Before The Day,Dido,254,
The Girl I Knew Somewhere,The Monkees,152,
If I Had a Boat,James Vincent McMorrow,273,
Love Song For 1,Corrinne May,289,
Physical (You'Re So),Nine Inch Nails,331,
I Need My Girl,The National,251,
Shadow,Britney Spears,228,
Inside,Bang Gang,342,
Somebody That I Used To Know,Gotye,248,
Electric Daydream,Viva Brother,229,
Lost & Found,Lianne La Havas,269,
"Hey, Soul Sister",Train,219,
Evolution,Korn,218,
Sugarcane,Missy Higgins,197,
Living To Love You,Sarah Connor,690,
Daydream Believer,The Monkees,468,
Cage The Beast , Adelitas Way,197,
Little Girl In The World,ÁÖ¶þãë,235,
Wake Me Up Before You Go Go,Wham,231,
Falling Up,John Hiatt,220,
Bubbly,Colbie Caillat,222,
Letting Go,Jo De La Rosa,211,
Home,Michael BublÃ©,542,
Saturday'S Child,The Monkees,161,
One Mic , Nas,269,
Pig,Sparklehorse,146,
You Could Be Mine , Guns N' Roses,347,
I Knew I Loved You,Savage Garden,254,
Enter Sandman,Metallica,459,
No Promises,Shayne Ward,224,
Unwritten,Natasha Bedingfield,263,
I Hate Everything About You,Three Days Grace,233,
Preparing To Leave,Lunik,266,
If I Were A Boy,Beyonce,253,
Street Map,Athlete,281,
Forever Young,Alphaville,226,
The First Days Of Spring,Noah And The Whale,401,
The Airway,Owl City,262,
Shades Of Gray,The Monkees,199,
Let It Rain,Olivia Ong,271,
Love In December,Club 8,222,
25 To Life,Eminem,644,
Somewhat Damaged,Nine Inch Nails,271,
Little Love Caster,Laura Marling,352,
Otherside,Viva Brother,223,
Nothing Compares,Pixie Lott,217,
Shake Up Christmas 2011,Natasha Bedingfield,231,
By Our Love,Christy Nockels,221,
Behind These Hazel Eyes,Kelly Clarkson,197,
eminem,no afraid,248,
Marry You,Bruno Mars,231,
Shade Of Blue,Black Rebel Motorcycle Club,263,
The Ketchup Song (Asereje),Cats Up,207,
Civil War , Guns N' Roses,466,
Fun.,All The Pretty Girls,203,
I Am Hated (Album Version),Album Version,161,
Never Grow Up,Taylor Swift,296,
Eyepennies,Sparklehorse,330,
The Saltwater Room,Owl City,246,
Shape Of My Heart,Sting,278,
ever be,Korn,770,
Summer Cannibals , Patti Smith,249,
Stay The Same,Joey Mcintyre,227,
Criminal,Eminem,321,
Love Love Love (Album Version),Tristan Prettyman,208,
Almost Lover (Album Version),A Fine Frenzy,274,
Forgotten Hopes,Anathema,231,
Hey Julie,Fountains of Wayne,157,
Is There Somebody Who Can Watch You,The 1975,175,
Nicest Thing,Kate Nash,247,
Cry On My Shoulder,Bonnie Raitt,224,
Cancer,My Chemical Romance,144,
Follow You Down To The Red Oak Tree,James Vincent McMorrow,204,
Haunted,Taylor Swift,248,
Wise Up,Aimee Mann,209,
Littlest Things,Lily Allen,186,
Holiday Album Version, Green Day,0,
Between Sheets,Imogen Heap,173,
Burn In My Light,Mercy Drive,634,
Skinnyman , Static-X,220,
Crashed The Wedding,Busted,162,
My Love,Lene Marlin,272,
We're Going To Be Friends,The White Stripes,139,
Marshall Mathers,Eminem,323,
Alfie,Lily Allen,170,
Seventeen,Keren Ann,146,
The Sighting,A Fine Frenzy,302,
Hands On The Radio,Chris Garneau,238,
The Scientist,Coldplay,311,
But For Now,Jamie Cullum,241,
Love You So,Natalie,218,
Loving You Tonight,Andrew Allen,181,
Violet,Hole,207,
Walking On Sunshine,Katrina And The Waves,236,
Save Me From Myself,Christina Aguilera,196,
Pleasant Valley Sunday,The Monkees,186,
Mrs. T.,Good Lovelies,238,
Angry Again , Megadeth,242,
Thanks For Nothing,Sum 41,184,
Summertrain,Greyson Chance,274,
La Ballade Of Lady & Bird,Lady & Bird,283,
Honestly,Jo De La Rosa,208,
If This Was a Movie,Taylor Swift,238,
Breeze,Sophie Zelmani,246,
Remember The Day,Animal Alpha,166,
All I Ever Wanted,The Airborne Toxic Event,312,
Open,Rhye,216,
Stacy's Mom,Fountains of Wayne,198,
Eat You Alive , Limp Bizkit,237,
Christmas Lights,Coldplay,246,
Take It Off,Andrew W.K.,191,
Blue Skies,Lady & Bird,255,
Here Come The Tears,Judas Priest,276,
Communication,The Cardigans,272,
Underclass Hero,Sum 41,194,
Gold,Owl City,240,
Blood Roses , Tori Amos,322,
Last Train To Clarksville,The Monkees,164,
they,Jem,526,
Breaking Your Own Heart,Kelly Clarkson,232,
Haunted,Radical Face,323,
Shelter,Birdy,576,
Mine,Taylor Swift,235,
The Key , Limp Bizkit,86,
It'S Not Over (Death Or The Toy Piano),The Puppini Sisters,195,
A Thousand Kisses Deep,Leonard Cohen,386,
Dear Diary,Britney Spears,171,
How,regina spektor,288,
While My Guitar Gently Weeps,ÄªÎÄÎµ,772,
Here Comes A Regular,The Replacements,291,
When You'Re Gone,Avril Lavigne,244,
The Blower'S Daughter,Damien Rice,292,
Born To Die,Lana Del Rey,289,
She Will Be Loved,Maroon 5,245,
Grace,Laura Story,276,
Beautiful Girls,Sean Kingston,225,
?æ©³ill I Collapse,Eminem feat. Nate Dogg,300,
Sometimes I Feel So Lonely,Primal Scream,306,
Unfold,The XX,187,
King Of Anything,Sara Bareilles,209,
The Worry List,Blue October,277,
Rush,Talib Kweli,222,
Year 3000,Jonas Brothers,538,
1(If Youre Wondering If I Want You To) I Want You To,Weezer,209,
Small Hours,John Martyn,1396,
Here Comes The Sun,The Beatles,189,
No Tears,James Blunt,232,
Aubrey (Lp Version),Bread,219,
Speak Your Heart,Lizz Wright,225,
Stan,Eminem,406,
Shape Of My Heart,Backstreet Boys,231,
All Nightmare Long , Metallica,477,
With Teeth,Nine Inch Nails,337,
Forget That Girl,The Monkees,150,
A Public Affair,Jessica Simpson,201,
Motorbreath , Metallica,202,
L.I.F.E.G.O.E.S.O.N.,Noah And The Whale,227,
Red,Taylor Swift,223,
Backyard,Good Lovelies,238,
A Thousand Miles,Vanessa Carlton,243,
Seventeen,Keren Ann,146,
Girl In Your Dreams,M2M,226,
Dancing In The Moonlight,Toploader,233,
Polly,Keren Ann,198,
Killer On The Road,Oh Laura,234,
Her Morning Elegance,Oren Lavie,218,
Barbie Girl,Aqua,202,
Defy You ,The Offspring,228,
I Don'T Want To Say Goodbye,Teddy Thompson,197,
Sweet Amber,Metallica,327,
Hear The Noise That Moves So Soft And Low,James Vincent McMorrow,243,
Restless,Alison Krauss & Union Station,,175,
Please Sister,The Cardigans,280,
Before You Die,Bad Religion,412,
I'Ll Be Your Man,James Blunt,219,
Hot Air Balloon,Owl City,568,
Love Generation,Bob Sinclar,177,
The Hill,Marketa Irglova,276,
The Moment I Knew,Taylor Swift,765,
My Name Is Trouble,Keren Ann,253,
Jesus Christ Pose , Soundgarden,383,
Erased,Annie Lennox,280,
Melt The Snow,Shayne Ward,232,
Foundations,Kate Nash,249,
Wild World,Mr. Big,209,
Only Ones Who Know,Arctic Monkeys,187,
Great Divide,Hanson,240,
Fat Lip,SUM 41,180,
Limit To Your Love,Feist,696,
Dying,Hole,225,
Back To December,Taylor Swift,298,
Favorite Song,Colbie Caillat,230,
Half Life,Imogen Heap,242,
Words,The Monkees,166,
Cry For Help,Rick Astley,291,
All Too Well,Taylor Swift,848,
With Him,Babyface,287,
A N I C,Sum 41,41,
Pride,Manchester Orchestra,361,
Caving In,Kimya Dawson,184,
Smoke,Tristan Prettyman,225,
Suicide Is Painless,Lady & Bird,179,
Annihilation By The Hands Of God (Album Version) , Roadrunner United ,333,
Treacherous,Taylor Swift,663,
Because Trees Can Fly,Lampshade,273,
Elizabeth On The Bathroom Floor,Eels,129,
Glad You Came,The Wanted,198,
Pancake,Tori Amos,357,
We Exchanged Words,Azure Ray,169,
Gone , Kelly Clarkson,208,
The Love That Harms,John Hiatt,174,
You Know What,Craig David,217,
Last Christmas,Taylor Swift,208,
Tonight I Wanna Cry,Keith Urban,259,
Cold Water,Damien Rice,301,
Down,"Jason Walker,Molly Reed",249,
Heaven,Beyonce,231,
Something Told Me,Coal Chamber,202,
Should'Ve Said No,Taylor Swift,246,
Don'T Stop Movin',S Club 7,237,
Life For Rent,Dido,225,
Death To Birth,Michael Pitt,286,
Here I Am,Leona Lewis,293,
Second Hand,Bachman-Turner Overdrive,203,
Man! I Feel Like A Woman!,Shania Twain,233,
Untouchable,Taylor Swift,314,
just like heaven,Katie Melua,218,
Maybe , Kelly Clarkson,267,
Then Go [Live From Union Chapel],Damien Rice,350,
Time Enough For Tears (Borrowed Heaven_Album Version),The Corrs,307,
Party Til You Puke,Andrew W.K.,155,
Look Out (Here Comes Tomorrow),The Monkees,132,
Stay Away , Nirvana,215,
More Like Her,Miranda Lambert,560,
Misery,Maroon 5,576,
Windmills Of Your Mind,Sting,259,
Ballad Of Ira Hayes,Johnny Cash,173,
Happy Xmas (War Is Over),The Moody Blues,158,
Kill You,Eminem,267,
The Day I Died,Just Jack,220,
Never Know,Jack Johnson,212,
To All The Girls,Aaron Carter,209,
The Angry Mob , Kaiser Chiefs,285,
Sunshine In The Rain,Bwo,214,
Breaking The Law , Judas Priest,153,
The Lazy Song,Bruno Mars,190,
Amnesia,The Fabulous Thunderbirds,225,
my gift of silence,Blackfield,245,
Like Toy Soldiers , Eminem,303,
Blonde On Blonde,Nada Surf,277,
Stupid,Toni Braxton,217,
To The Country,Laura Veirs And Saltbreakers,309,
Like A Song,Lenka,204,
Everyday,Sausalito Foxtrot,102,
Hallelujah,Rufus Wainwright,249,
Beautiful Soul,Jesse Mccartney,199,
Blood Red,Slayer,167,
Much Farther To Go,Rosie Thomas,258,
It Doesn't Have To Be Beautiful,Slow Club,224,
Fireflies,Owl City,230,
Sometimes,Britney Spears,250,
imagine me without you,Jaci Velasquez,250,
5 Years Time,Noah And The Whale,216,
The Veldt (Radio Edit),Deadmau5,172,
Christmas In My Heart (Single Version),Sarah Connor,259,
Don'T Let The Man Get You Down,Fatboy Slim,241,
I M Still Breathing,Katy Perry,232,
Scarborough Fair,Sarah Brightman,257,
Creeping Death , Metallica,396,
In The Morning,Club 8,162,
Let Me Down,Kelly Clarkson,207,
Dream,Priscilla Ahn,214,
Free,Good Lovelies,177,
American Idiot (Album Version) , Green Day,176,
To Blossom Blue,Lake Of Tears,495,
The Propaganda , Limp Bizkit,316,
Songs Like This,Carrie Underwood,161,
Falling In Love At A Coffee Shop,Landon Pigg,247,
We Are Golden,MIKA,240,
Here Without You,3 Doors Down,251,
"Endless, Nameless",Nirvana,405,
Sextape,Deftones,243,
You,chris young,164,
As Long As You Love Me,Backstreet Boys,225,
Lonely Enough,Little Big Town,267,
A Place Nearby,Lene Marlin,252,
Lost Without You,Delta Goodrem,249,
Battery , Metallica,316,
Take A Giant Step,The Monkees,151,
Wild Is The Wind,Amel Larrieux,177,
The Surrender,Limp Bizkit,239,
Happiness,The Fray,325,
Home,Michael BublÃ©,542,
Invisible,Taylor Swift,206,
She,The Monkees,160,
You Stole,Brand New,360,
Orchids,Stone Sour,264,
Gunpowder & Lead,Miranda Lambert,514,
Be Still,Kari Jobe,205,
Cuddly Toy,The Monkees,165,
I Can See Clearly Now,Jimmy Cliff,200,
The Forgotten,Green Day,301,
The Ripper , Judas Priest,161,
Pretty Fly (For A White Guy) , The Offspring,189,
Philadelphia,NEIL YOUNG,246,
La Isla Bonita,Madonna,247,
Unchained Melody,Harry Belafonte,205,
Luna,Bombay Bicycle Club,190,
Bruises,Chairlift,241,
9 Crimes,Damien Rice,219,
I Am Falling Now,Maximilian Hecker,844,
No Escape From The Blues,Muddy Waters,124,
Pumped up Kicks (Album Version),Foster The People,239,
Black & Blue,Chris Garneau,334,
All Out Of Love,Air Supply,242,
A Name In This Town,Josh Thompson,232,
Seven Days In Sunny June,Jamiroquai,240,
Good Girl Gone Bad,Rihanna,218,
Rain Man,Eminem,320,
The Show,Lenka,239,
Ride The Lightning , Metallica,397,
Silver Lining,Kacey Musgraves,230,
The Way I Am,Eminem,293,
Lovefool,The Cardigans,197,
Cold Water,Damien Rice,301,
Air Traffic,Owl City,182,
Say Hey (I Love You),Michael Franti & Spearhead,236,
Hope There'S Someone,Antony & The Johnsons,261,
True Love,The Fabulous Thunderbirds,188,
Not Going Anywhere,Keren Ann,219,
Top Of The World,Carpenters,181,
Around The World,Aqua,213,
Every Little Thing,Good Lovelies,201,
Love The Way You Lie,"Eminem,Rihanna",702,
What He Wrote,Laura Marling,249,
One Love,Blue,209,
"Starfuckers, Inc.",Nine Inch Nails,300,
Daylight,Matt & Kim,171,
Too Serious Too Soon,Gareth Gates,226,
Three Courses And An Open Canoe,Tamas Wells,190,
Sweet Sixteen,Hilary Duff,187,
Get Lost,Patrick Wolf,197,
I Could Be The One ( Lp Version ),Donna Lewis,230,
The Way You Look Tonight,Maroon 5,209,
Do Ya Thang,Rihanna,223,
If I Ever Break Your Heart,The Notorious Cherry Bombs,204,
Explorers,Sky Sailing,251,
Astronaut,Just Jack,229,
Should It Matter,Sissel,308,
I Wonder (Departure),Abba,274,
T H T,Sum 41,47,
Paint It Black,Vanessa Carlton,215,
Time To Carry On,Vince Gill,248,
Sad News,Chris Garneau,364,
Foundations,Kate Nash,218,
My Baby,Britney Spears,202,
(I'Ll Never Be) Your Maggie May,Suzanne Vega,226,
Pretend We'Re Dead , L7,235,
Shining Friends,·ëêØæ¥,109,
Ashes And Wine,A Fine Frenzy,695,
I'Ve Never Been To Me,Charlene,229,
My Love,Lene Marlin,272,
Sad Eyes,Bat For Lashes,259,
You Belong To Me,Carla Bruni,185,
Leper Messiah , Metallica,343,
Pacific Coast Party,Smash Mouth,182,
Space Bound,Eminem,743,
93 Million Miles,Jason Mraz,218,
England Made Me,Black Box Recorder,243,
Life Is Wonderful,Jason Mraz,258,
Relief,Chris Garneau,229,
Breathe Again,Sara Bareilles,298,
I Love Nyc,Andrew W.K.,191,
The World As I See It,Jason Mraz,239,
Keep Walking or I'll Kill You,Agnes Kain,216,
Dope Hat , Marilyn Manson,261,
Tonight Tonight,Hot Chelle Rae,200,
Grafton Street,Dido,359,
The World As I See It,Jason Mraz,239,
Dreaming My Dreams With You,Alison Krauss,268,
Two Doors Down,Mark Burchfield,178,
The Unnamed Feeling , Metallica,429,
Australia,"The,shins",222,
Dannyboy,Youngblood Hawke,187,
Best Day Of My Life,American Authors,517,
Gravity,Sara Bareilles,233,
It's a Beautiful Day,Michael BublÃ©,540,
Fireflies,Owl City,230,
I've Been In Love Before,Cutting Crew,308,
Innocent,Taylor Swift,302,
Mean,Taylor Swift,242,
Dead And Gone , T.I.,304,
Boston,Augustana,250,
Everything Will Flow,Suede,270,
Pencil Full Of Lead,Paolo Nutini,148,
Boogie Street,Leonard Cohen,362,
Chloe (You're The One I Want),Emblem3,592,
In the summertime,Mungo jerry,216,
Disguise,Lene Marlin,232,
Walking The Dog,Fun.,220,
Stationary Stationery , Anberlin,181,
Leave The Light On,Priscilla Ahn,198,
Lamb Of God,Marilyn Mans,746,
Ridin',"Chamillionaire,sway",272,
Mad World,Gary jules,180,
Better Off Dead,anathema,263,
That Year,Brandi Carlile,216,
So Far,Chris Garneau,265,
Out From Under,Britney Spears,236,
gold in the air of summer,Kings Of Convenience,214,
Somebody,Blue October,203,
Never Again , Kelly Clarkson,222,
Another Time Around,Sum 41,416,
All The Pretty Girls,Fun.,206,
The Priest , Limp Bizkit,299,
The Four Horsemen , Metallica,321,
Give Me Life,Daniel Powter,218,
"Drama, Love & 'Lationships",Babyface,238,
A Thousand Years,Christina Perri,289,
Angel Of Mine,Monica,251,
Mr. Know It All , Kelly Clarkson,235,
Swingset Chain,Loquat,287,
Lullaby,The Cure,253,
Captains And Cruise Ships,Owl City,246,
Hey Scenesters!,The Cribs,196,
Hurt , Adelitas Way,236,
Dear Father,Sum 41,234,
What Goes Around Comes Around,Justin Timberlake,271,
What Makes You Beautiful,One Direction,202,
Where Are You Now,Britney Spears,280,
Lollipop,Aqua,219,
Motivation,SUM 41,171,
Dark Side,Kelly Clarkson,224,
Never Know,Jack Johnson,212,
Stay The Night,James Blunt,216,
Sleep With You,Egil Olsen,144,
I'm Yours,Jason Mraz,245,
Dream Catch Me,Newton Faulkner,240,
The Life And Death Of Mr. Badmouth,Pj Harvey,290,
You Are My Sunshine,Carly Simon,156,
Fuel , Metallica,272,
The One That Got Away,Katy Perry,231,
Don'T Cry,Guns N' Roses,288,
The Water Is Wide,James Taylor,182,
Maybe I'Ll Go,Lene Marlin,281,
Spaceship,Kanye West,329,
Right Next To The Right One,Tim Christensen,252,
On Top Of The World,Imagine Dragons,507,
Mondo Bongo,Joe Strummer & The Mescaleros,,373,
What Are You,David Gray,192,
Rootless Tree,Damien Rice,263,
Costume Makes The Clown,Shakira,192,
Over The Way,»Æ½¨Îª,271,
In The Dark,Shelley Harland,198,
God Is A Girl,Groove Coverage,225,
Maybe California,Tori Amos,265,
You Know What You Are_,Nine Inch Nails,222,
I Bruise Easily,Natasha Bedingfield,253,
All The Way,Craig David,222,
Rid Of Me,Pj Harvey,269,
You Took My Heart Away,Michael Learns To Rock,274,
She'S The One,Robbie Williams,262,
Holiday In My Head,Smash Mouth,166,
All About Your Heart,Mindy Gledhill,249,
Hard Believer,First Aid Kit,226,
Shock Me Into Love,Lenka,209,
Brick,Ben Folds Five,272,
Music Box,Eminem,310,
You Just May Be The One,The Monkees,122,
"Whenever, Wherever",Shakira,197,
Iyiyi (Feat. Flo Rida),Cody Simpson,235,
A Good Day (Morning Song),Priscilla Ahn,206,
Never Gonna Love Again,Lykke Li,240,
It's All Okay,Julia Stone,234,
The Enemy (Album Version),Roadrunner United,285,
Happily Never After,The Pussycat Dolls,289,
Little Talks,Of Monsters and Men,214,
Caskets,Damien Jurado,178,
The Day You Went Away,M2M,224,
Plage,crystal fighters,231,
Sunrise,Norah Jones,203,
I Feel Like Going Home,Muddy Waters,222,
Lonely Girls,Lucinda Williams,242,
He Will Carry Me,Mark Schultz,272,
Jumpdafuckup (Album Version),Soulfly,311,
Worry About You,Ivy,243,
May It Be,Enya,216,
Lunchbox,Marilyn Manson,274,
At Or With Me,Jack Johnson,238,
